<?xml version='1.0' encoding='UTF-8'?>
<edmx:Edmx Version="1.0"
    xmlns:edmx="http://schemas.microsoft.com/ado/2007/06/edmx">
    <edmx:DataServices m:DataServiceVersion="1.0"
        xmlns:m="http://schemas.microsoft.com/ado/2007/08/dataservices/metadata">
        <Schema Namespace="com.sap.hana.cloud.sample.payroll"
            xmlns="http://schemas.microsoft.com/ado/2008/09/edm">
            <EntityType Name="PayrollHeader">
                <Key>
                    <PropertyRef Name="Id"/>
                </Key>
                <Property Name="CompanyName" Type="Edm.String"/>
                <Property Name="CurrencyCode" Type="Edm.String"/>
                <Property Name="DaysWorked" Type="Edm.Int32"/>
                <Property Name="Department" Type="Edm.String"/>
                <Property Name="EmployeeId" Type="Edm.String"/>
                <Property Name="EmployeeName" Type="Edm.String"/>
                <Property Name="Id" Type="Edm.String" Nullable="false" MaxLength="255"/>
                <Property Name="NetPay" Type="Edm.Double"/>
                <Property Name="PayrollPeriod" Type="Edm.DateTime"/>
                <Property Name="Pending" Type="Edm.Boolean"/>
                <Property Name="Performed" Type="Edm.Boolean"/>
                <Property Name="PreviousBalance" Type="Edm.Double"/>
                <Property Name="TotalDeductions" Type="Edm.Double"/>
                <Property Name="TotalEarnings" Type="Edm.Double"/>
                <Property Name="WorkingDays" Type="Edm.Int32"/>
                <NavigationProperty Name="PayrollItemDetails" Relationship="com.sap.hana.cloud.sample.payroll.PayrollHeader_PayrollItem" FromRole="PayrollHeader" ToRole="PayrollItem"/>
            </EntityType>
            <EntityType Name="PayrollItem">
                <Key>
                    <PropertyRef Name="Id"/>
                </Key>
                <Property Name="Id" Type="Edm.String" Nullable="false"/>
                <Property Name="Value" Type="Edm.Double"/>
                <NavigationProperty Name="PayrollItemTypeDetails" Relationship="com.sap.hana.cloud.sample.payroll.PayrollItem_PayrollItemType" FromRole="PayrollItem" ToRole="PayrollItemType"/>
            </EntityType>
            <EntityType Name="PayrollItemType">
                <Key>
                    <PropertyRef Name="Id"/>
                </Key>
                <Property Name="Flag" Type="Edm.Int32"/>
                <Property Name="Id" Type="Edm.String" Nullable="false"/>
                <Property Name="Name" Type="Edm.String"/>
            </EntityType>
            <Association Name="PayrollHeader_PayrollItem">
                <End Type="com.sap.hana.cloud.sample.payroll.PayrollHeader" Multiplicity="1" Role="PayrollHeader"/>
                <End Type="com.sap.hana.cloud.sample.payroll.PayrollItem" Multiplicity="*" Role="PayrollItem"/>
            </Association>
            <Association Name="PayrollItem_PayrollItemType">
                <End Type="com.sap.hana.cloud.sample.payroll.PayrollItem" Multiplicity="1" Role="PayrollItem"/>
                <End Type="com.sap.hana.cloud.sample.payroll.PayrollItemType" Multiplicity="1" Role="PayrollItemType"/>
            </Association>
            <EntityContainer Name="com.sap.hana.cloud.sample.payrollContainer" m:IsDefaultEntityContainer="true">
                <EntitySet Name="PayrollHeaders" EntityType="com.sap.hana.cloud.sample.payroll.PayrollHeader"/>
                <EntitySet Name="PayrollItems" EntityType="com.sap.hana.cloud.sample.payroll.PayrollItem"/>
                <EntitySet Name="PayrollItemTypes" EntityType="com.sap.hana.cloud.sample.payroll.PayrollItemType"/>
                <AssociationSet Name="PayrollHeader_PayrollItemSet" Association="com.sap.hana.cloud.sample.payroll.PayrollHeader_PayrollItem">
                    <End EntitySet="PayrollHeaders" Role="PayrollHeader"/>
                    <End EntitySet="PayrollItems" Role="PayrollItem"/>
                </AssociationSet>
                <AssociationSet Name="PayrollItem_PayrollItemTypeSet" Association="com.sap.hana.cloud.sample.payroll.PayrollItem_PayrollItemType">
                    <End EntitySet="PayrollItems" Role="PayrollItem"/>
                    <End EntitySet="PayrollItemTypes" Role="PayrollItemType"/>
                </AssociationSet>
            </EntityContainer>
        </Schema>
    </edmx:DataServices>
</edmx:Edmx>