{
  "welcomeFile": "index.html",
  "authenticationMethod":"saml",
  "routes": [
    {
      "path": "/resources",
      "target": {
        "type": "service",
        "name": "sapui5",
        "entryPath": "/resources"
      },
      "description": " SAPUI5 Resources"
    },
    {
      "path": "/destinations/3rd_party_sample_payroll",
      "target": {
        "type": "destination",
        "name": "3rd_party_sample_payroll"
      },
      "description": "3rd Party Payroll provider OData API"
    },
    {
      "path": "/test-resources",
      "target": {
        "type": "service",
        "name": "sapui5",
        "entryPath": "/test-resources"
      },
      "description": "SAPUI5 Test Resources"
    }
  ],
  "cacheControl": [
    {
      "directive": "private",
      "maxAge": 0,
      "path": "*html"
    },
    {
      "directive": "public",
      "maxAge": 31536000
    }
  ]
}